{
	"class_name" : "PinholeCameraParameters",
	"extrinsic" : 
	[
		0.99989240677816105,
		0.0030267560575771187,
		-0.014353174392608255,
		0.0,
		0.012155335426953257,
		-0.71868563224862292,
		0.69522889023691725,
		0.0,
		-0.0082111319581992005,
		-0.69532855596988485,
		-0.7186450977810952,
		0.0,
		-655464.2375990405,
		5053675.1169787226,
		-4881613.4860763438,
		1.0
	],
	"intrinsic" : 
	{
		"height" : 1061,
		"intrinsic_matrix" : 
		[
			918.85295341528945,
			0.0,
			0.0,
			0.0,
			918.85295341528945,
			0.0,
			959.5,
			530.0,
			1.0
		],
		"width" : 1920
	},
	"version_major" : 1,
	"version_minor" : 0
}