{
	"class_name" : "PinholeCameraParameters",
	"extrinsic" : 
	[
		0.98722412865327491,
		-0.027310474431300746,
		-0.15697980058313138,
		0.0,
		0.14895749905898872,
		-0.19159235785141115,
		0.97010516537488267,
		0.0,
		-0.056570162443409983,
		-0.98109454508690142,
		-0.1850764985670848,
		0.0,
		-1608611.1907639795,
		1363287.6251299768,
		-6735005.6693918416,
		1.0
	],
	"intrinsic" : 
	{
		"height" : 1055,
		"intrinsic_matrix" : 
		[
			913.65680099258282,
			0.0,
			0.0,
			0.0,
			913.65680099258282,
			0.0,
			959.5,
			527.0,
			1.0
		],
		"width" : 1920
	},
	"version_major" : 1,
	"version_minor" : 0
}