{
	"class_name" : "PinholeCameraParameters",
	"extrinsic" : 
	[
		0.7154902025751122,
		0.024504382908888456,
		0.69819288541009894,
		0.0,
		-0.30139575436954902,
		-0.89077209557108339,
		0.34012596637115389,
		0.0,
		0.63026531656678952,
		-0.4537891679735816,
		-0.62995319013622686,
		0.0,
		1713475.083322996,
		6252257.3994351765,
		-2788879.7751142536,
		1.0
	],
	"intrinsic" : 
	{
		"height" : 1055,
		"intrinsic_matrix" : 
		[
			913.65680099258282,
			0.0,
			0.0,
			0.0,
			913.65680099258282,
			0.0,
			959.5,
			527.0,
			1.0
		],
		"width" : 1920
	},
	"version_major" : 1,
	"version_minor" : 0
}